Unnamed: 0,Multi_Cell_Image_Id,Multi_Cell_Image_Name,Single_Cell_Image_Id,Single_Cell_Image_Name,TableNumber,ImageNumber,Image_FileName_DAPI,Image_PathName_DAPI,Image_FileName_Tubulin,Image_PathName_Tubulin,Image_FileName_Actin,Image_PathName_Actin,Image_Metadata_Plate_DAPI,Image_Metadata_Well_DAPI,Replicate,Image_Metadata_Compound,Image_Metadata_Concentration,moa
0,433,Week10_200907_B02_s1_w18E215662-2CF7-4739-93F3-DBD0C40B78DB,0,Week10_200907_B02_s1_w18E215662-2CF7-4739-93F3-DBD0C40B78DB_0.npy,0,1,Week10_200907_B02_s1_w18E215662-2CF7-4739-93F3-DBD0C40B78DB.tif,Week10_40111,Week10_200907_B02_s1_w2D492FCE4-15C2-4C66-99A5-E2235A93A3CC.tif,Week10_40111,Week10_200907_B02_s1_w436D0A3BC-098D-4271-B5AA-361CA0A7DC88.tif,Week10_40111,Week10_40111,B02,1,DMSO,0.0,DMSO
1,433,Week10_200907_B02_s1_w18E215662-2CF7-4739-93F3-DBD0C40B78DB,1,Week10_200907_B02_s1_w18E215662-2CF7-4739-93F3-DBD0C40B78DB_1.npy,0,1,Week10_200907_B02_s1_w18E215662-2CF7-4739-93F3-DBD0C40B78DB.tif,Week10_40111,Week10_200907_B02_s1_w2D492FCE4-15C2-4C66-99A5-E2235A93A3CC.tif,Week10_40111,Week10_200907_B02_s1_w436D0A3BC-098D-4271-B5AA-361CA0A7DC88.tif,Week10_40111,Week10_40111,B02,1,DMSO,0.0,DMSO
1447,446,Week10_200907_B11_s1_w1306379D8-96D3-47EC-9BAD-3A5A17BA0136,0,Week10_200907_B11_s1_w1306379D8-96D3-47EC-9BAD-3A5A17BA0136_0.npy,0,37,Week10_200907_B11_s1_w1306379D8-96D3-47EC-9BAD-3A5A17BA0136.tif,Week10_40111,Week10_200907_B11_s1_w26B192AE3-81E5-40B0-BF32-4A1CED752418.tif,Week10_40111,Week10_200907_B11_s1_w48A45F147-AEE7-46B1-A1D8-2C42787D5D76.tif,Week10_40111,Week10_40111,B11,1,taxol,0.3,Microtubule stabilizers
1448,446,Week10_200907_B11_s1_w1306379D8-96D3-47EC-9BAD-3A5A17BA0136,1,Week10_200907_B11_s1_w1306379D8-96D3-47EC-9BAD-3A5A17BA0136_1.npy,0,37,Week10_200907_B11_s1_w1306379D8-96D3-47EC-9BAD-3A5A17BA0136.tif,Week10_40111,Week10_200907_B11_s1_w26B192AE3-81E5-40B0-BF32-4A1CED752418.tif,Week10_40111,Week10_200907_B11_s1_w48A45F147-AEE7-46B1-A1D8-2C42787D5D76.tif,Week10_40111,Week10_40111,B11,1,taxol,0.3,Microtubule stabilizers
1944,458,Week10_200907_C02_s1_w160751543-AE48-4889-9B94-29A61EA96D96,0,Week10_200907_C02_s1_w160751543-AE48-4889-9B94-29A61EA96D96_0.npy,0,41,Week10_200907_C02_s1_w160751543-AE48-4889-9B94-29A61EA96D96.tif,Week10_40111,Week10_200907_C02_s1_w2ECD31092-428D-4C31-9680-B8B5B71890C0.tif,Week10_40111,Week10_200907_C02_s1_w4E6F3553B-789D-4BDD-8706-EC6E395777FF.tif,Week10_40111,Week10_40111,C02,1,DMSO,0.0,DMSO
1945,458,Week10_200907_C02_s1_w160751543-AE48-4889-9B94-29A61EA96D96,1,Week10_200907_C02_s1_w160751543-AE48-4889-9B94-29A61EA96D96_1.npy,0,41,Week10_200907_C02_s1_w160751543-AE48-4889-9B94-29A61EA96D96.tif,Week10_40111,Week10_200907_C02_s1_w2ECD31092-428D-4C31-9680-B8B5B71890C0.tif,Week10_40111,Week10_200907_C02_s1_w4E6F3553B-789D-4BDD-8706-EC6E395777FF.tif,Week10_40111,Week10_40111,C02,1,DMSO,0.0,DMSO
3435,471,Week10_200907_C05_s1_w1CCD0C22C-717E-4F62-8FF2-321361577967,0,Week10_200907_C05_s1_w1CCD0C22C-717E-4F62-8FF2-321361577967_0.npy,0,53,Week10_200907_C05_s1_w1CCD0C22C-717E-4F62-8FF2-321361577967.tif,Week10_40111,Week10_200907_C05_s1_w2DE115BC3-BC1E-4303-8219-92901B9FBFEF.tif,Week10_40111,Week10_200907_C05_s1_w4600A942E-A27A-4005-B74E-596326F92938.tif,Week10_40111,Week10_40111,C05,1,AZ138,3.0,Eg5 inhibitors
3436,471,Week10_200907_C05_s1_w1CCD0C22C-717E-4F62-8FF2-321361577967,1,Week10_200907_C05_s1_w1CCD0C22C-717E-4F62-8FF2-321361577967_1.npy,0,53,Week10_200907_C05_s1_w1CCD0C22C-717E-4F62-8FF2-321361577967.tif,Week10_40111,Week10_200907_C05_s1_w2DE115BC3-BC1E-4303-8219-92901B9FBFEF.tif,Week10_40111,Week10_200907_C05_s1_w4600A942E-A27A-4005-B74E-596326F92938.tif,Week10_40111,Week10_40111,C05,1,AZ138,3.0,Eg5 inhibitors
3908,482,Week10_200907_C06_s1_w1F2F3CEBD-0E25-4C61-87B3-D81E2FA4B519,0,Week10_200907_C06_s1_w1F2F3CEBD-0E25-4C61-87B3-D81E2FA4B519_0.npy,0,57,Week10_200907_C06_s1_w1F2F3CEBD-0E25-4C61-87B3-D81E2FA4B519.tif,Week10_40111,Week10_200907_C06_s1_w2D8884334-2C3F-4705-AB78-570A6587F521.tif,Week10_40111,Week10_200907_C06_s1_w4C5D2C268-B26B-43F8-BF7C-57B3812E5EC8.tif,Week10_40111,Week10_40111,C06,1,AZ138,1.0,Eg5 inhibitors
3909,482,Week10_200907_C06_s1_w1F2F3CEBD-0E25-4C61-87B3-D81E2FA4B519,1,Week10_200907_C06_s1_w1F2F3CEBD-0E25-4C61-87B3-D81E2FA4B519_1.npy,0,57,Week10_200907_C06_s1_w1F2F3CEBD-0E25-4C61-87B3-D81E2FA4B519.tif,Week10_40111,Week10_200907_C06_s1_w2D8884334-2C3F-4705-AB78-570A6587F521.tif,Week10_40111,Week10_200907_C06_s1_w4C5D2C268-B26B-43F8-BF7C-57B3812E5EC8.tif,Week10_40111,Week10_40111,C06,1,AZ138,1.0,Eg5 inhibitors
4286,493,Week10_200907_C07_s1_w16A261DAB-6041-46BB-99CF-B4E4E363CA32,0,Week10_200907_C07_s1_w16A261DAB-6041-46BB-99CF-B4E4E363CA32_0.npy,0,61,Week10_200907_C07_s1_w16A261DAB-6041-46BB-99CF-B4E4E363CA32.tif,Week10_40111,Week10_200907_C07_s1_w2AC5B8273-533D-47FB-8FA4-C94CE4AD689E.tif,Week10_40111,Week10_200907_C07_s1_w47C974844-D261-47F4-A00F-5748C392C759.tif,Week10_40111,Week10_40111,C07,1,AZ138,0.3,Eg5 inhibitors
4287,493,Week10_200907_C07_s1_w16A261DAB-6041-46BB-99CF-B4E4E363CA32,1,Week10_200907_C07_s1_w16A261DAB-6041-46BB-99CF-B4E4E363CA32_1.npy,0,61,Week10_200907_C07_s1_w16A261DAB-6041-46BB-99CF-B4E4E363CA32.tif,Week10_40111,Week10_200907_C07_s1_w2AC5B8273-533D-47FB-8FA4-C94CE4AD689E.tif,Week10_40111,Week10_200907_C07_s1_w47C974844-D261-47F4-A00F-5748C392C759.tif,Week10_40111,Week10_40111,C07,1,AZ138,0.3,Eg5 inhibitors
4799,505,Week10_200907_C08_s1_w14962D4AB-2A48-4B3B-BBE1-BEC85FB73FBA,0,Week10_200907_C08_s1_w14962D4AB-2A48-4B3B-BBE1-BEC85FB73FBA_0.npy,0,65,Week10_200907_C08_s1_w14962D4AB-2A48-4B3B-BBE1-BEC85FB73FBA.tif,Week10_40111,Week10_200907_C08_s1_w2F9EB49AC-DE29-415C-A7A0-0D90335D24D3.tif,Week10_40111,Week10_200907_C08_s1_w430736F56-E317-45DF-8A49-29C565748B90.tif,Week10_40111,Week10_40111,C08,1,AZ138,0.1,Eg5 inhibitors
4800,505,Week10_200907_C08_s1_w14962D4AB-2A48-4B3B-BBE1-BEC85FB73FBA,1,Week10_200907_C08_s1_w14962D4AB-2A48-4B3B-BBE1-BEC85FB73FBA_1.npy,0,65,Week10_200907_C08_s1_w14962D4AB-2A48-4B3B-BBE1-BEC85FB73FBA.tif,Week10_40111,Week10_200907_C08_s1_w2F9EB49AC-DE29-415C-A7A0-0D90335D24D3.tif,Week10_40111,Week10_200907_C08_s1_w430736F56-E317-45DF-8A49-29C565748B90.tif,Week10_40111,Week10_40111,C08,1,AZ138,0.1,Eg5 inhibitors
5172,518,Week10_200907_C09_s1_w19E788C35-6DD5-4B5B-A9CD-C8F7559B406C,0,Week10_200907_C09_s1_w19E788C35-6DD5-4B5B-A9CD-C8F7559B406C_0.npy,0,69,Week10_200907_C09_s1_w19E788C35-6DD5-4B5B-A9CD-C8F7559B406C.tif,Week10_40111,Week10_200907_C09_s1_w26D0D5210-D1B9-47BD-91B3-90BA90002F8E.tif,Week10_40111,Week10_200907_C09_s1_w4AABD4231-8CDA-471E-9FBF-7DCC278D0B03.tif,Week10_40111,Week10_40111,C09,1,AZ138,0.03,Eg5 inhibitors
5173,518,Week10_200907_C09_s1_w19E788C35-6DD5-4B5B-A9CD-C8F7559B406C,1,Week10_200907_C09_s1_w19E788C35-6DD5-4B5B-A9CD-C8F7559B406C_1.npy,0,69,Week10_200907_C09_s1_w19E788C35-6DD5-4B5B-A9CD-C8F7559B406C.tif,Week10_40111,Week10_200907_C09_s1_w26D0D5210-D1B9-47BD-91B3-90BA90002F8E.tif,Week10_40111,Week10_200907_C09_s1_w4AABD4231-8CDA-471E-9FBF-7DCC278D0B03.tif,Week10_40111,Week10_40111,C09,1,AZ138,0.03,Eg5 inhibitors
5709,531,Week10_200907_C11_s1_w1BC646158-8DEE-445D-A103-5271A870A1E0,0,Week10_200907_C11_s1_w1BC646158-8DEE-445D-A103-5271A870A1E0_0.npy,0,77,Week10_200907_C11_s1_w1BC646158-8DEE-445D-A103-5271A870A1E0.tif,Week10_40111,Week10_200907_C11_s1_w200A884F4-96E1-41BF-99FA-27393F034E24.tif,Week10_40111,Week10_200907_C11_s1_w47CFF4281-ACE9-4BC8-B1C4-9C59042B6B05.tif,Week10_40111,Week10_40111,C11,1,taxol,0.3,Microtubule stabilizers
5710,531,Week10_200907_C11_s1_w1BC646158-8DEE-445D-A103-5271A870A1E0,1,Week10_200907_C11_s1_w1BC646158-8DEE-445D-A103-5271A870A1E0_1.npy,0,77,Week10_200907_C11_s1_w1BC646158-8DEE-445D-A103-5271A870A1E0.tif,Week10_40111,Week10_200907_C11_s1_w200A884F4-96E1-41BF-99FA-27393F034E24.tif,Week10_40111,Week10_200907_C11_s1_w47CFF4281-ACE9-4BC8-B1C4-9C59042B6B05.tif,Week10_40111,Week10_40111,C11,1,taxol,0.3,Microtubule stabilizers
6296,542,Week10_200907_D02_s1_w1E8853E7D-940A-46CA-A42C-4B628D1E781F,0,Week10_200907_D02_s1_w1E8853E7D-940A-46CA-A42C-4B628D1E781F_0.npy,0,81,Week10_200907_D02_s1_w1E8853E7D-940A-46CA-A42C-4B628D1E781F.tif,Week10_40111,Week10_200907_D02_s1_w2C6B52338-5CD2-4434-8398-403A650D5EBF.tif,Week10_40111,Week10_200907_D02_s1_w4B6C5A48E-7F93-4C78-9824-CAA85A1F334E.tif,Week10_40111,Week10_40111,D02,1,DMSO,0.0,DMSO
6297,542,Week10_200907_D02_s1_w1E8853E7D-940A-46CA-A42C-4B628D1E781F,1,Week10_200907_D02_s1_w1E8853E7D-940A-46CA-A42C-4B628D1E781F_1.npy,0,81,Week10_200907_D02_s1_w1E8853E7D-940A-46CA-A42C-4B628D1E781F.tif,Week10_40111,Week10_200907_D02_s1_w2C6B52338-5CD2-4434-8398-403A650D5EBF.tif,Week10_40111,Week10_200907_D02_s1_w4B6C5A48E-7F93-4C78-9824-CAA85A1F334E.tif,Week10_40111,Week10_40111,D02,1,DMSO,0.0,DMSO
8340,553,Week10_200907_D04_s1_w18E3890A7-9F82-4414-970E-872A0A4C1729,0,Week10_200907_D04_s1_w18E3890A7-9F82-4414-970E-872A0A4C1729_0.npy,0,89,Week10_200907_D04_s1_w18E3890A7-9F82-4414-970E-872A0A4C1729.tif,Week10_40111,Week10_200907_D04_s1_w297EFFD4B-0F11-4027-83C1-FA84A6D3FB21.tif,Week10_40111,Week10_200907_D04_s1_w44CA3FAFE-BD08-4133-9B77-7958FBF83033.tif,Week10_40111,Week10_40111,D04,1,AZ-U,10.0,Epithelial
8341,553,Week10_200907_D04_s1_w18E3890A7-9F82-4414-970E-872A0A4C1729,1,Week10_200907_D04_s1_w18E3890A7-9F82-4414-970E-872A0A4C1729_1.npy,0,89,Week10_200907_D04_s1_w18E3890A7-9F82-4414-970E-872A0A4C1729.tif,Week10_40111,Week10_200907_D04_s1_w297EFFD4B-0F11-4027-83C1-FA84A6D3FB21.tif,Week10_40111,Week10_200907_D04_s1_w44CA3FAFE-BD08-4133-9B77-7958FBF83033.tif,Week10_40111,Week10_40111,D04,1,AZ-U,10.0,Epithelial
9053,567,Week10_200907_D05_s1_w1AFEAEE86-E462-46F7-A911-5E2F1C677D2B,0,Week10_200907_D05_s1_w1AFEAEE86-E462-46F7-A911-5E2F1C677D2B_0.npy,0,93,Week10_200907_D05_s1_w1AFEAEE86-E462-46F7-A911-5E2F1C677D2B.tif,Week10_40111,Week10_200907_D05_s1_w256C97277-E113-49D4-9A5C-015407BC57EB.tif,Week10_40111,Week10_200907_D05_s1_w45CF3111C-DB43-462D-ADE4-5E1781AA2DC5.tif,Week10_40111,Week10_40111,D05,1,AZ-U,3.0,Epithelial
9054,567,Week10_200907_D05_s1_w1AFEAEE86-E462-46F7-A911-5E2F1C677D2B,1,Week10_200907_D05_s1_w1AFEAEE86-E462-46F7-A911-5E2F1C677D2B_1.npy,0,93,Week10_200907_D05_s1_w1AFEAEE86-E462-46F7-A911-5E2F1C677D2B.tif,Week10_40111,Week10_200907_D05_s1_w256C97277-E113-49D4-9A5C-015407BC57EB.tif,Week10_40111,Week10_200907_D05_s1_w45CF3111C-DB43-462D-ADE4-5E1781AA2DC5.tif,Week10_40111,Week10_40111,D05,1,AZ-U,3.0,Epithelial
9967,577,Week10_200907_D06_s1_w112354DA7-1D7B-4649-A392-6B1482C44462,0,Week10_200907_D06_s1_w112354DA7-1D7B-4649-A392-6B1482C44462_0.npy,0,97,Week10_200907_D06_s1_w112354DA7-1D7B-4649-A392-6B1482C44462.tif,Week10_40111,Week10_200907_D06_s1_w26A2C9577-4558-435D-B54B-7395797FDD5D.tif,Week10_40111,Week10_200907_D06_s1_w4D69ADB7C-EB68-41EC-AC01-B688B45D0100.tif,Week10_40111,Week10_40111,D06,1,AZ-U,1.0,Epithelial
9968,577,Week10_200907_D06_s1_w112354DA7-1D7B-4649-A392-6B1482C44462,1,Week10_200907_D06_s1_w112354DA7-1D7B-4649-A392-6B1482C44462_1.npy,0,97,Week10_200907_D06_s1_w112354DA7-1D7B-4649-A392-6B1482C44462.tif,Week10_40111,Week10_200907_D06_s1_w26A2C9577-4558-435D-B54B-7395797FDD5D.tif,Week10_40111,Week10_200907_D06_s1_w4D69ADB7C-EB68-41EC-AC01-B688B45D0100.tif,Week10_40111,Week10_40111,D06,1,AZ-U,1.0,Epithelial
11061,590,Week10_200907_D11_s1_w1DC9EA053-3E19-47C1-8D90-B02EF8E97C1B,0,Week10_200907_D11_s1_w1DC9EA053-3E19-47C1-8D90-B02EF8E97C1B_0.npy,0,117,Week10_200907_D11_s1_w1DC9EA053-3E19-47C1-8D90-B02EF8E97C1B.tif,Week10_40111,Week10_200907_D11_s1_w27CB0342A-F89B-4F3D-A17B-5396339584B3.tif,Week10_40111,Week10_200907_D11_s1_w42288CBBF-ECD8-4A8D-93B9-6C54B7D2B38A.tif,Week10_40111,Week10_40111,D11,1,taxol,0.3,Microtubule stabilizers
11062,590,Week10_200907_D11_s1_w1DC9EA053-3E19-47C1-8D90-B02EF8E97C1B,1,Week10_200907_D11_s1_w1DC9EA053-3E19-47C1-8D90-B02EF8E97C1B_1.npy,0,117,Week10_200907_D11_s1_w1DC9EA053-3E19-47C1-8D90-B02EF8E97C1B.tif,Week10_40111,Week10_200907_D11_s1_w27CB0342A-F89B-4F3D-A17B-5396339584B3.tif,Week10_40111,Week10_200907_D11_s1_w42288CBBF-ECD8-4A8D-93B9-6C54B7D2B38A.tif,Week10_40111,Week10_40111,D11,1,taxol,0.3,Microtubule stabilizers
11523,603,Week10_200907_E02_s1_w1F9FF83F6-5E84-469F-B47F-F2AE9D8FA56E,0,Week10_200907_E02_s1_w1F9FF83F6-5E84-469F-B47F-F2AE9D8FA56E_0.npy,0,121,Week10_200907_E02_s1_w1F9FF83F6-5E84-469F-B47F-F2AE9D8FA56E.tif,Week10_40111,Week10_200907_E02_s1_w2ECC446BD-0E34-4862-A805-E351968A9925.tif,Week10_40111,Week10_200907_E02_s1_w4D7903497-E819-4F70-96C2-2C49549642F1.tif,Week10_40111,Week10_40111,E02,1,taxol,0.3,Microtubule stabilizers
11524,603,Week10_200907_E02_s1_w1F9FF83F6-5E84-469F-B47F-F2AE9D8FA56E,1,Week10_200907_E02_s1_w1F9FF83F6-5E84-469F-B47F-F2AE9D8FA56E_1.npy,0,121,Week10_200907_E02_s1_w1F9FF83F6-5E84-469F-B47F-F2AE9D8FA56E.tif,Week10_40111,Week10_200907_E02_s1_w2ECC446BD-0E34-4862-A805-E351968A9925.tif,Week10_40111,Week10_200907_E02_s1_w4D7903497-E819-4F70-96C2-2C49549642F1.tif,Week10_40111,Week10_40111,E02,1,taxol,0.3,Microtubule stabilizers
12080,613,Week10_200907_E11_s1_w121C4BE31-61CD-40CA-B36E-12268C7714FD,0,Week10_200907_E11_s1_w121C4BE31-61CD-40CA-B36E-12268C7714FD_0.npy,0,157,Week10_200907_E11_s1_w121C4BE31-61CD-40CA-B36E-12268C7714FD.tif,Week10_40111,Week10_200907_E11_s1_w2D487250C-D767-4A89-A19A-53FECFA6E5C6.tif,Week10_40111,Week10_200907_E11_s1_w4D12E14B6-B933-46C4-9EEE-65C0E8863ECD.tif,Week10_40111,Week10_40111,E11,1,DMSO,0.0,DMSO
12081,613,Week10_200907_E11_s1_w121C4BE31-61CD-40CA-B36E-12268C7714FD,1,Week10_200907_E11_s1_w121C4BE31-61CD-40CA-B36E-12268C7714FD_1.npy,0,157,Week10_200907_E11_s1_w121C4BE31-61CD-40CA-B36E-12268C7714FD.tif,Week10_40111,Week10_200907_E11_s1_w2D487250C-D767-4A89-A19A-53FECFA6E5C6.tif,Week10_40111,Week10_200907_E11_s1_w4D12E14B6-B933-46C4-9EEE-65C0E8863ECD.tif,Week10_40111,Week10_40111,E11,1,DMSO,0.0,DMSO
13275,627,Week10_200907_F02_s1_w1DF5FDA94-5FCF-41B3-9656-A99A821ECE2D,0,Week10_200907_F02_s1_w1DF5FDA94-5FCF-41B3-9656-A99A821ECE2D_0.npy,0,161,Week10_200907_F02_s1_w1DF5FDA94-5FCF-41B3-9656-A99A821ECE2D.tif,Week10_40111,Week10_200907_F02_s1_w26D7A740E-66D3-47CC-BEB1-DA1DB08BE6D6.tif,Week10_40111,Week10_200907_F02_s1_w438D76E66-ABE1-4BA1-9212-8B92DC3DF05B.tif,Week10_40111,Week10_40111,F02,1,taxol,0.3,Microtubule stabilizers
13276,627,Week10_200907_F02_s1_w1DF5FDA94-5FCF-41B3-9656-A99A821ECE2D,1,Week10_200907_F02_s1_w1DF5FDA94-5FCF-41B3-9656-A99A821ECE2D_1.npy,0,161,Week10_200907_F02_s1_w1DF5FDA94-5FCF-41B3-9656-A99A821ECE2D.tif,Week10_40111,Week10_200907_F02_s1_w26D7A740E-66D3-47CC-BEB1-DA1DB08BE6D6.tif,Week10_40111,Week10_200907_F02_s1_w438D76E66-ABE1-4BA1-9212-8B92DC3DF05B.tif,Week10_40111,Week10_40111,F02,1,taxol,0.3,Microtubule stabilizers
13745,637,Week10_200907_F11_s1_w17C421613-28A8-4E3B-814B-D9192EC3F5C7,0,Week10_200907_F11_s1_w17C421613-28A8-4E3B-814B-D9192EC3F5C7_0.npy,0,197,Week10_200907_F11_s1_w17C421613-28A8-4E3B-814B-D9192EC3F5C7.tif,Week10_40111,Week10_200907_F11_s1_w20E2A2C5F-8819-4325-A42C-8A3A90A3B380.tif,Week10_40111,Week10_200907_F11_s1_w404004770-DBE6-4181-99B6-7635B3F21038.tif,Week10_40111,Week10_40111,F11,1,DMSO,0.0,DMSO
13746,637,Week10_200907_F11_s1_w17C421613-28A8-4E3B-814B-D9192EC3F5C7,1,Week10_200907_F11_s1_w17C421613-28A8-4E3B-814B-D9192EC3F5C7_1.npy,0,197,Week10_200907_F11_s1_w17C421613-28A8-4E3B-814B-D9192EC3F5C7.tif,Week10_40111,Week10_200907_F11_s1_w20E2A2C5F-8819-4325-A42C-8A3A90A3B380.tif,Week10_40111,Week10_200907_F11_s1_w404004770-DBE6-4181-99B6-7635B3F21038.tif,Week10_40111,Week10_40111,F11,1,DMSO,0.0,DMSO
15595,650,Week10_200907_G02_s1_w17293B1EA-1AF7-4A90-B419-7A3D3E034B08,0,Week10_200907_G02_s1_w17293B1EA-1AF7-4A90-B419-7A3D3E034B08_0.npy,0,201,Week10_200907_G02_s1_w17293B1EA-1AF7-4A90-B419-7A3D3E034B08.tif,Week10_40111,Week10_200907_G02_s1_w25C5233E5-E60B-4F5D-B7F5-B95947926920.tif,Week10_40111,Week10_200907_G02_s1_w401C6477B-F498-4A53-BC76-D77B9578CD1D.tif,Week10_40111,Week10_40111,G02,1,taxol,0.3,Microtubule stabilizers
15596,650,Week10_200907_G02_s1_w17293B1EA-1AF7-4A90-B419-7A3D3E034B08,1,Week10_200907_G02_s1_w17293B1EA-1AF7-4A90-B419-7A3D3E034B08_1.npy,0,201,Week10_200907_G02_s1_w17293B1EA-1AF7-4A90-B419-7A3D3E034B08.tif,Week10_40111,Week10_200907_G02_s1_w25C5233E5-E60B-4F5D-B7F5-B95947926920.tif,Week10_40111,Week10_200907_G02_s1_w401C6477B-F498-4A53-BC76-D77B9578CD1D.tif,Week10_40111,Week10_40111,G02,1,taxol,0.3,Microtubule stabilizers
15829,662,Week10_200907_G11_s1_w180EF6D52-516D-4ACD-8EAE-0F069E06302F,0,Week10_200907_G11_s1_w180EF6D52-516D-4ACD-8EAE-0F069E06302F_0.npy,0,237,Week10_200907_G11_s1_w180EF6D52-516D-4ACD-8EAE-0F069E06302F.tif,Week10_40111,Week10_200907_G11_s1_w2158BB382-3D22-4DA4-A9AF-A6417D04712D.tif,Week10_40111,Week10_200907_G11_s1_w45776340F-D8BF-409C-83A4-AD22194139E6.tif,Week10_40111,Week10_40111,G11,1,DMSO,0.0,DMSO
15830,662,Week10_200907_G11_s1_w180EF6D52-516D-4ACD-8EAE-0F069E06302F,1,Week10_200907_G11_s1_w180EF6D52-516D-4ACD-8EAE-0F069E06302F_1.npy,0,237,Week10_200907_G11_s1_w180EF6D52-516D-4ACD-8EAE-0F069E06302F.tif,Week10_40111,Week10_200907_G11_s1_w2158BB382-3D22-4DA4-A9AF-A6417D04712D.tif,Week10_40111,Week10_200907_G11_s1_w45776340F-D8BF-409C-83A4-AD22194139E6.tif,Week10_40111,Week10_40111,G11,1,DMSO,0.0,DMSO
43816,697,Week1_150607_B03_s1_w114129FBE-AB04-4F79-B8AF-CFA7D5524D53,0,Week1_150607_B03_s1_w114129FBE-AB04-4F79-B8AF-CFA7D5524D53_0.npy,1,5,Week1_150607_B03_s1_w114129FBE-AB04-4F79-B8AF-CFA7D5524D53.tif,Week1_22123,Week1_150607_B03_s1_w2CAEC09A2-969B-48A9-BE0B-C6825D180EB4.tif,Week1_22123,Week1_150607_B03_s1_w41094DA98-6064-4EA2-B4A7-02A38208692F.tif,Week1_22123,Week1_22123,B03,1,cytochalasin B,30.0,Actin disruptors
43817,697,Week1_150607_B03_s1_w114129FBE-AB04-4F79-B8AF-CFA7D5524D53,1,Week1_150607_B03_s1_w114129FBE-AB04-4F79-B8AF-CFA7D5524D53_1.npy,1,5,Week1_150607_B03_s1_w114129FBE-AB04-4F79-B8AF-CFA7D5524D53.tif,Week1_22123,Week1_150607_B03_s1_w2CAEC09A2-969B-48A9-BE0B-C6825D180EB4.tif,Week1_22123,Week1_150607_B03_s1_w41094DA98-6064-4EA2-B4A7-02A38208692F.tif,Week1_22123,Week1_22123,B03,1,cytochalasin B,30.0,Actin disruptors
44087,709,Week1_150607_B04_s1_w11323931B-BDA7-4F42-870E-7174BFBF3643,0,Week1_150607_B04_s1_w11323931B-BDA7-4F42-870E-7174BFBF3643_0.npy,1,9,Week1_150607_B04_s1_w11323931B-BDA7-4F42-870E-7174BFBF3643.tif,Week1_22123,Week1_150607_B04_s1_w2F8F7EA7A-EC57-49CA-A556-22AE0E990BF1.tif,Week1_22123,Week1_150607_B04_s1_w494DCA5C4-3531-497D-A8B0-D53AA25DB02B.tif,Week1_22123,Week1_22123,B04,1,cytochalasin B,10.0,Actin disruptors
44088,709,Week1_150607_B04_s1_w11323931B-BDA7-4F42-870E-7174BFBF3643,1,Week1_150607_B04_s1_w11323931B-BDA7-4F42-870E-7174BFBF3643_1.npy,1,9,Week1_150607_B04_s1_w11323931B-BDA7-4F42-870E-7174BFBF3643.tif,Week1_22123,Week1_150607_B04_s1_w2F8F7EA7A-EC57-49CA-A556-22AE0E990BF1.tif,Week1_22123,Week1_150607_B04_s1_w494DCA5C4-3531-497D-A8B0-D53AA25DB02B.tif,Week1_22123,Week1_22123,B04,1,cytochalasin B,10.0,Actin disruptors
46380,841,Week1_150607_D03_s1_w14A046B2B-8EAA-4E70-8E95-56C0E0B9F363,0,Week1_150607_D03_s1_w14A046B2B-8EAA-4E70-8E95-56C0E0B9F363_0.npy,1,85,Week1_150607_D03_s1_w14A046B2B-8EAA-4E70-8E95-56C0E0B9F363.tif,Week1_22123,Week1_150607_D03_s1_w23CB90716-42D3-4820-B9A5-71D3A68EA5D6.tif,Week1_22123,Week1_150607_D03_s1_w4DC12732C-4F80-4D49-B0B6-1235F7F9B38B.tif,Week1_22123,Week1_22123,D03,1,taxol,3.0,Microtubule stabilizers
46381,841,Week1_150607_D03_s1_w14A046B2B-8EAA-4E70-8E95-56C0E0B9F363,1,Week1_150607_D03_s1_w14A046B2B-8EAA-4E70-8E95-56C0E0B9F363_1.npy,1,85,Week1_150607_D03_s1_w14A046B2B-8EAA-4E70-8E95-56C0E0B9F363.tif,Week1_22123,Week1_150607_D03_s1_w23CB90716-42D3-4820-B9A5-71D3A68EA5D6.tif,Week1_22123,Week1_150607_D03_s1_w4DC12732C-4F80-4D49-B0B6-1235F7F9B38B.tif,Week1_22123,Week1_22123,D03,1,taxol,3.0,Microtubule stabilizers
47640,963,Week1_150607_E03_s1_w1CC9CF6DE-5D49-485C-B53A-C5F23960F132,0,Week1_150607_E03_s1_w1CC9CF6DE-5D49-485C-B53A-C5F23960F132_0.npy,1,125,Week1_150607_E03_s1_w1CC9CF6DE-5D49-485C-B53A-C5F23960F132.tif,Week1_22123,Week1_150607_E03_s1_w2104E0137-752D-45DB-ACA6-2438B95BD17D.tif,Week1_22123,Week1_150607_E03_s1_w44CBCF5A0-2A59-4426-925F-5E5673C685FF.tif,Week1_22123,Week1_22123,E03,1,nocodazole,3.0,Microtubule destabilizers
47641,963,Week1_150607_E03_s1_w1CC9CF6DE-5D49-485C-B53A-C5F23960F132,1,Week1_150607_E03_s1_w1CC9CF6DE-5D49-485C-B53A-C5F23960F132_1.npy,1,125,Week1_150607_E03_s1_w1CC9CF6DE-5D49-485C-B53A-C5F23960F132.tif,Week1_22123,Week1_150607_E03_s1_w2104E0137-752D-45DB-ACA6-2438B95BD17D.tif,Week1_22123,Week1_150607_E03_s1_w44CBCF5A0-2A59-4426-925F-5E5673C685FF.tif,Week1_22123,Week1_22123,E03,1,nocodazole,3.0,Microtubule destabilizers
47902,973,Week1_150607_E04_s1_w171BF0848-4027-44D3-B6B8-863C8523F226,0,Week1_150607_E04_s1_w171BF0848-4027-44D3-B6B8-863C8523F226_0.npy,1,129,Week1_150607_E04_s1_w171BF0848-4027-44D3-B6B8-863C8523F226.tif,Week1_22123,Week1_150607_E04_s1_w2C709B861-E4A8-499D-B575-33072064F217.tif,Week1_22123,Week1_150607_E04_s1_w479EC1B1E-86DB-4761-886C-1F96AC095E30.tif,Week1_22123,Week1_22123,E04,1,nocodazole,1.0,Microtubule destabilizers
47903,973,Week1_150607_E04_s1_w171BF0848-4027-44D3-B6B8-863C8523F226,1,Week1_150607_E04_s1_w171BF0848-4027-44D3-B6B8-863C8523F226_1.npy,1,129,Week1_150607_E04_s1_w171BF0848-4027-44D3-B6B8-863C8523F226.tif,Week1_22123,Week1_150607_E04_s1_w2C709B861-E4A8-499D-B575-33072064F217.tif,Week1_22123,Week1_150607_E04_s1_w479EC1B1E-86DB-4761-886C-1F96AC095E30.tif,Week1_22123,Week1_22123,E04,1,nocodazole,1.0,Microtubule destabilizers
49905,1093,Week1_150607_G03_s1_w1236CFFD0-928F-496F-B95E-E31FD9B5974A,0,Week1_150607_G03_s1_w1236CFFD0-928F-496F-B95E-E31FD9B5974A_0.npy,1,205,Week1_150607_G03_s1_w1236CFFD0-928F-496F-B95E-E31FD9B5974A.tif,Week1_22123,Week1_150607_G03_s1_w22EF6381C-89E7-4B40-81B8-0B8F25DDB765.tif,Week1_22123,Week1_150607_G03_s1_w49AB285E9-4D3B-4573-891C-7FF378442A6A.tif,Week1_22123,Week1_22123,G03,1,AZ-A,30.0,Aurora kinase inhibitors
49906,1093,Week1_150607_G03_s1_w1236CFFD0-928F-496F-B95E-E31FD9B5974A,1,Week1_150607_G03_s1_w1236CFFD0-928F-496F-B95E-E31FD9B5974A_1.npy,1,205,Week1_150607_G03_s1_w1236CFFD0-928F-496F-B95E-E31FD9B5974A.tif,Week1_22123,Week1_150607_G03_s1_w22EF6381C-89E7-4B40-81B8-0B8F25DDB765.tif,Week1_22123,Week1_150607_G03_s1_w49AB285E9-4D3B-4573-891C-7FF378442A6A.tif,Week1_22123,Week1_22123,G03,1,AZ-A,30.0,Aurora kinase inhibitors
50291,1105,Week1_150607_G04_s1_w16BB1F9C0-F2C2-41BF-A69A-EEC30D44CBB8,0,Week1_150607_G04_s1_w16BB1F9C0-F2C2-41BF-A69A-EEC30D44CBB8_0.npy,1,209,Week1_150607_G04_s1_w16BB1F9C0-F2C2-41BF-A69A-EEC30D44CBB8.tif,Week1_22123,Week1_150607_G04_s1_w2387E3D0E-B2A9-41B5-A11E-2CD22B3B647B.tif,Week1_22123,Week1_150607_G04_s1_w40C825D95-9A44-472B-8A77-D32E3B6F343D.tif,Week1_22123,Week1_22123,G04,1,AZ-A,10.0,Aurora kinase inhibitors
50292,1105,Week1_150607_G04_s1_w16BB1F9C0-F2C2-41BF-A69A-EEC30D44CBB8,1,Week1_150607_G04_s1_w16BB1F9C0-F2C2-41BF-A69A-EEC30D44CBB8_1.npy,1,209,Week1_150607_G04_s1_w16BB1F9C0-F2C2-41BF-A69A-EEC30D44CBB8.tif,Week1_22123,Week1_150607_G04_s1_w2387E3D0E-B2A9-41B5-A11E-2CD22B3B647B.tif,Week1_22123,Week1_150607_G04_s1_w40C825D95-9A44-472B-8A77-D32E3B6F343D.tif,Week1_22123,Week1_22123,G04,1,AZ-A,10.0,Aurora kinase inhibitors
50567,1118,Week1_150607_G05_s1_w16CD4CE08-7601-41BB-95CC-0A109E9E050D,0,Week1_150607_G05_s1_w16CD4CE08-7601-41BB-95CC-0A109E9E050D_0.npy,1,213,Week1_150607_G05_s1_w16CD4CE08-7601-41BB-95CC-0A109E9E050D.tif,Week1_22123,Week1_150607_G05_s1_w274C661C9-11A3-4295-8379-FDA0DD24C31A.tif,Week1_22123,Week1_150607_G05_s1_w43C6092CB-8918-4018-A9E8-257535F40526.tif,Week1_22123,Week1_22123,G05,1,AZ-A,3.0,Aurora kinase inhibitors
50568,1118,Week1_150607_G05_s1_w16CD4CE08-7601-41BB-95CC-0A109E9E050D,1,Week1_150607_G05_s1_w16CD4CE08-7601-41BB-95CC-0A109E9E050D_1.npy,1,213,Week1_150607_G05_s1_w16CD4CE08-7601-41BB-95CC-0A109E9E050D.tif,Week1_22123,Week1_150607_G05_s1_w274C661C9-11A3-4295-8379-FDA0DD24C31A.tif,Week1_22123,Week1_150607_G05_s1_w43C6092CB-8918-4018-A9E8-257535F40526.tif,Week1_22123,Week1_22123,G05,1,AZ-A,3.0,Aurora kinase inhibitors
50894,1129,Week1_150607_G06_s1_w15338A7CB-2294-45EF-85B0-84CE3B779E9F,0,Week1_150607_G06_s1_w15338A7CB-2294-45EF-85B0-84CE3B779E9F_0.npy,1,217,Week1_150607_G06_s1_w15338A7CB-2294-45EF-85B0-84CE3B779E9F.tif,Week1_22123,Week1_150607_G06_s1_w2DA77EB74-2669-46B0-8CB1-A1F8BE0C1DB0.tif,Week1_22123,Week1_150607_G06_s1_w48397DF59-5F69-4F3D-8C62-5317CDCA3CBD.tif,Week1_22123,Week1_22123,G06,1,AZ-A,1.0,Aurora kinase inhibitors
50895,1129,Week1_150607_G06_s1_w15338A7CB-2294-45EF-85B0-84CE3B779E9F,1,Week1_150607_G06_s1_w15338A7CB-2294-45EF-85B0-84CE3B779E9F_1.npy,1,217,Week1_150607_G06_s1_w15338A7CB-2294-45EF-85B0-84CE3B779E9F.tif,Week1_22123,Week1_150607_G06_s1_w2DA77EB74-2669-46B0-8CB1-A1F8BE0C1DB0.tif,Week1_22123,Week1_150607_G06_s1_w48397DF59-5F69-4F3D-8C62-5317CDCA3CBD.tif,Week1_22123,Week1_22123,G06,1,AZ-A,1.0,Aurora kinase inhibitors
51230,1141,Week1_150607_G07_s1_w1104BC9E3-2271-47EB-AE8C-CA957F0005D5,0,Week1_150607_G07_s1_w1104BC9E3-2271-47EB-AE8C-CA957F0005D5_0.npy,1,221,Week1_150607_G07_s1_w1104BC9E3-2271-47EB-AE8C-CA957F0005D5.tif,Week1_22123,Week1_150607_G07_s1_w29EBD2B89-AA5E-4C19-BE37-A36E9D984AB9.tif,Week1_22123,Week1_150607_G07_s1_w4C047A727-17B8-4DBC-920A-A1A20B773250.tif,Week1_22123,Week1_22123,G07,1,AZ-A,0.3,Aurora kinase inhibitors
51231,1141,Week1_150607_G07_s1_w1104BC9E3-2271-47EB-AE8C-CA957F0005D5,1,Week1_150607_G07_s1_w1104BC9E3-2271-47EB-AE8C-CA957F0005D5_1.npy,1,221,Week1_150607_G07_s1_w1104BC9E3-2271-47EB-AE8C-CA957F0005D5.tif,Week1_22123,Week1_150607_G07_s1_w29EBD2B89-AA5E-4C19-BE37-A36E9D984AB9.tif,Week1_22123,Week1_150607_G07_s1_w4C047A727-17B8-4DBC-920A-A1A20B773250.tif,Week1_22123,Week1_22123,G07,1,AZ-A,0.3,Aurora kinase inhibitors
51724,1155,Week1_150607_G08_s1_w1B6C24C30-E50D-4513-9B0A-1D33894E09CA,0,Week1_150607_G08_s1_w1B6C24C30-E50D-4513-9B0A-1D33894E09CA_0.npy,1,225,Week1_150607_G08_s1_w1B6C24C30-E50D-4513-9B0A-1D33894E09CA.tif,Week1_22123,Week1_150607_G08_s1_w29F6758F6-C6FF-4623-A18D-7F5B49B3CA03.tif,Week1_22123,Week1_150607_G08_s1_w49ED70C4A-9852-4CE8-B5D5-CAD63507F432.tif,Week1_22123,Week1_22123,G08,1,AZ-A,0.1,Aurora kinase inhibitors
51725,1155,Week1_150607_G08_s1_w1B6C24C30-E50D-4513-9B0A-1D33894E09CA,1,Week1_150607_G08_s1_w1B6C24C30-E50D-4513-9B0A-1D33894E09CA_1.npy,1,225,Week1_150607_G08_s1_w1B6C24C30-E50D-4513-9B0A-1D33894E09CA.tif,Week1_22123,Week1_150607_G08_s1_w29F6758F6-C6FF-4623-A18D-7F5B49B3CA03.tif,Week1_22123,Week1_150607_G08_s1_w49ED70C4A-9852-4CE8-B5D5-CAD63507F432.tif,Week1_22123,Week1_22123,G08,1,AZ-A,0.1,Aurora kinase inhibitors
74891,721,Week1_150607_B05_s1_w12F4AB0D9-2FD7-4563-BF1D-9B407D417CF9,0,Week1_150607_B05_s1_w12F4AB0D9-2FD7-4563-BF1D-9B407D417CF9_0.npy,1,2893,Week1_150607_B05_s1_w12F4AB0D9-2FD7-4563-BF1D-9B407D417CF9.tif,Week1_22361,Week1_150607_B05_s1_w2529E219F-9E07-4735-9206-747BB1700150.tif,Week1_22361,Week1_150607_B05_s1_w44C34883D-956A-46FF-A728-44C843B572E3.tif,Week1_22361,Week1_22361,B05,1,latrunculin B,3.0,Actin disruptors
74892,721,Week1_150607_B05_s1_w12F4AB0D9-2FD7-4563-BF1D-9B407D417CF9,1,Week1_150607_B05_s1_w12F4AB0D9-2FD7-4563-BF1D-9B407D417CF9_1.npy,1,2893,Week1_150607_B05_s1_w12F4AB0D9-2FD7-4563-BF1D-9B407D417CF9.tif,Week1_22361,Week1_150607_B05_s1_w2529E219F-9E07-4735-9206-747BB1700150.tif,Week1_22361,Week1_150607_B05_s1_w44C34883D-956A-46FF-A728-44C843B572E3.tif,Week1_22361,Week1_22361,B05,1,latrunculin B,3.0,Actin disruptors
75484,734,Week1_150607_B06_s1_w135206D52-888A-4E3A-8005-FA314DE78C5A,0,Week1_150607_B06_s1_w135206D52-888A-4E3A-8005-FA314DE78C5A_0.npy,1,2897,Week1_150607_B06_s1_w135206D52-888A-4E3A-8005-FA314DE78C5A.tif,Week1_22361,Week1_150607_B06_s1_w2A79960DD-0631-4747-A0D8-DD0B97CEA40C.tif,Week1_22361,Week1_150607_B06_s1_w46685CEAE-C2A1-4173-8778-30C900F3D170.tif,Week1_22361,Week1_22361,B06,1,latrunculin B,1.0,Actin disruptors
75485,734,Week1_150607_B06_s1_w135206D52-888A-4E3A-8005-FA314DE78C5A,1,Week1_150607_B06_s1_w135206D52-888A-4E3A-8005-FA314DE78C5A_1.npy,1,2897,Week1_150607_B06_s1_w135206D52-888A-4E3A-8005-FA314DE78C5A.tif,Week1_22361,Week1_150607_B06_s1_w2A79960DD-0631-4747-A0D8-DD0B97CEA40C.tif,Week1_22361,Week1_150607_B06_s1_w46685CEAE-C2A1-4173-8778-30C900F3D170.tif,Week1_22361,Week1_22361,B06,1,latrunculin B,1.0,Actin disruptors
79906,987,Week1_150607_E07_s1_w1F5B6EF7C-BECC-4DBE-9474-5B7DBB58A927,0,Week1_150607_E07_s1_w1F5B6EF7C-BECC-4DBE-9474-5B7DBB58A927_0.npy,1,3021,Week1_150607_E07_s1_w1F5B6EF7C-BECC-4DBE-9474-5B7DBB58A927.tif,Week1_22361,Week1_150607_E07_s1_w240D79030-01A4-4752-A68B-867F8B42E82F.tif,Week1_22361,Week1_150607_E07_s1_w4A98B60A6-D4F2-4F5D-B5B3-7DFEF67BA9C7.tif,Week1_22361,Week1_22361,E07,1,colchicine,0.03,Microtubule destabilizers
79907,987,Week1_150607_E07_s1_w1F5B6EF7C-BECC-4DBE-9474-5B7DBB58A927,1,Week1_150607_E07_s1_w1F5B6EF7C-BECC-4DBE-9474-5B7DBB58A927_1.npy,1,3021,Week1_150607_E07_s1_w1F5B6EF7C-BECC-4DBE-9474-5B7DBB58A927.tif,Week1_22361,Week1_150607_E07_s1_w240D79030-01A4-4752-A68B-867F8B42E82F.tif,Week1_22361,Week1_150607_E07_s1_w4A98B60A6-D4F2-4F5D-B5B3-7DFEF67BA9C7.tif,Week1_22361,Week1_22361,E07,1,colchicine,0.03,Microtubule destabilizers
142056,1659,Week3_290607_B07_s1_w1EA968982-07EF-4C4B-9D5E-1869A65891B0,0,Week3_290607_B07_s1_w1EA968982-07EF-4C4B-9D5E-1869A65891B0_0.npy,3,21,Week3_290607_B07_s1_w1EA968982-07EF-4C4B-9D5E-1869A65891B0.tif,Week3_25421,Week3_290607_B07_s1_w2BFA3925B-B721-4F5F-8D07-5C1327D77FAE.tif,Week3_25421,Week3_290607_B07_s1_w4E1770E39-FB15-44DE-9FF2-9EBF4212C83F.tif,Week3_25421,Week3_25421,B07,1,vincristine,0.1,Microtubule destabilizers
142057,1659,Week3_290607_B07_s1_w1EA968982-07EF-4C4B-9D5E-1869A65891B0,1,Week3_290607_B07_s1_w1EA968982-07EF-4C4B-9D5E-1869A65891B0_1.npy,3,21,Week3_290607_B07_s1_w1EA968982-07EF-4C4B-9D5E-1869A65891B0.tif,Week3_25421,Week3_290607_B07_s1_w2BFA3925B-B721-4F5F-8D07-5C1327D77FAE.tif,Week3_25421,Week3_290607_B07_s1_w4E1770E39-FB15-44DE-9FF2-9EBF4212C83F.tif,Week3_25421,Week3_25421,B07,1,vincristine,0.1,Microtubule destabilizers
142411,1670,Week3_290607_B08_s1_w139CA66D0-12A9-4787-82C4-D31A58C0C349,0,Week3_290607_B08_s1_w139CA66D0-12A9-4787-82C4-D31A58C0C349_0.npy,3,25,Week3_290607_B08_s1_w139CA66D0-12A9-4787-82C4-D31A58C0C349.tif,Week3_25421,Week3_290607_B08_s1_w2F4C726BE-92F4-444C-9755-5496690CC8C1.tif,Week3_25421,Week3_290607_B08_s1_w40C40CB71-D789-45C3-B91A-A165FB6F6BD5.tif,Week3_25421,Week3_25421,B08,1,vincristine,0.03,Microtubule destabilizers
142412,1670,Week3_290607_B08_s1_w139CA66D0-12A9-4787-82C4-D31A58C0C349,1,Week3_290607_B08_s1_w139CA66D0-12A9-4787-82C4-D31A58C0C349_1.npy,3,25,Week3_290607_B08_s1_w139CA66D0-12A9-4787-82C4-D31A58C0C349.tif,Week3_25421,Week3_290607_B08_s1_w2F4C726BE-92F4-444C-9755-5496690CC8C1.tif,Week3_25421,Week3_290607_B08_s1_w40C40CB71-D789-45C3-B91A-A165FB6F6BD5.tif,Week3_25421,Week3_25421,B08,1,vincristine,0.03,Microtubule destabilizers
142778,1681,Week3_290607_B09_s1_w1241977F2-691D-49E6-84B1-56DDCB4CD47D,0,Week3_290607_B09_s1_w1241977F2-691D-49E6-84B1-56DDCB4CD47D_0.npy,3,29,Week3_290607_B09_s1_w1241977F2-691D-49E6-84B1-56DDCB4CD47D.tif,Week3_25421,Week3_290607_B09_s1_w28425B0F5-BD22-4B61-BEB4-CFC392A7A0E7.tif,Week3_25421,Week3_290607_B09_s1_w420074788-7C81-4A41-AE2D-53BD7ABFC162.tif,Week3_25421,Week3_25421,B09,1,vincristine,0.01,Microtubule destabilizers
142779,1681,Week3_290607_B09_s1_w1241977F2-691D-49E6-84B1-56DDCB4CD47D,1,Week3_290607_B09_s1_w1241977F2-691D-49E6-84B1-56DDCB4CD47D_1.npy,3,29,Week3_290607_B09_s1_w1241977F2-691D-49E6-84B1-56DDCB4CD47D.tif,Week3_25421,Week3_290607_B09_s1_w28425B0F5-BD22-4B61-BEB4-CFC392A7A0E7.tif,Week3_25421,Week3_290607_B09_s1_w420074788-7C81-4A41-AE2D-53BD7ABFC162.tif,Week3_25421,Week3_25421,B09,1,vincristine,0.01,Microtubule destabilizers
143161,1695,Week3_290607_B10_s1_w1FA8E96F0-D0D6-421B-8413-9B687A0B0FF7,0,Week3_290607_B10_s1_w1FA8E96F0-D0D6-421B-8413-9B687A0B0FF7_0.npy,3,33,Week3_290607_B10_s1_w1FA8E96F0-D0D6-421B-8413-9B687A0B0FF7.tif,Week3_25421,Week3_290607_B10_s1_w29F7B1B5A-8BB3-4D7B-9546-F00D8735676E.tif,Week3_25421,Week3_290607_B10_s1_w49F7BA909-2642-4BBA-9F16-AB698A4D124A.tif,Week3_25421,Week3_25421,B10,1,vincristine,0.003,Microtubule destabilizers
143162,1695,Week3_290607_B10_s1_w1FA8E96F0-D0D6-421B-8413-9B687A0B0FF7,1,Week3_290607_B10_s1_w1FA8E96F0-D0D6-421B-8413-9B687A0B0FF7_1.npy,3,33,Week3_290607_B10_s1_w1FA8E96F0-D0D6-421B-8413-9B687A0B0FF7.tif,Week3_25421,Week3_290607_B10_s1_w29F7B1B5A-8BB3-4D7B-9546-F00D8735676E.tif,Week3_25421,Week3_290607_B10_s1_w49F7BA909-2642-4BBA-9F16-AB698A4D124A.tif,Week3_25421,Week3_25421,B10,1,vincristine,0.003,Microtubule destabilizers
147148,1885,Week3_290607_D07_s1_w155EEB313-F62F-454B-8C8D-72D4AD8B1AD3,0,Week3_290607_D07_s1_w155EEB313-F62F-454B-8C8D-72D4AD8B1AD3_0.npy,3,101,Week3_290607_D07_s1_w155EEB313-F62F-454B-8C8D-72D4AD8B1AD3.tif,Week3_25421,Week3_290607_D07_s1_w2FD223918-161F-4E1C-B091-61B0C12C8CC1.tif,Week3_25421,Week3_290607_D07_s1_w46C7E0AAD-D707-4586-8788-38347446F57D.tif,Week3_25421,Week3_25421,D07,1,AZ-C,0.01,Eg5 inhibitors
147149,1885,Week3_290607_D07_s1_w155EEB313-F62F-454B-8C8D-72D4AD8B1AD3,1,Week3_290607_D07_s1_w155EEB313-F62F-454B-8C8D-72D4AD8B1AD3_1.npy,3,101,Week3_290607_D07_s1_w155EEB313-F62F-454B-8C8D-72D4AD8B1AD3.tif,Week3_25421,Week3_290607_D07_s1_w2FD223918-161F-4E1C-B091-61B0C12C8CC1.tif,Week3_25421,Week3_290607_D07_s1_w46C7E0AAD-D707-4586-8788-38347446F57D.tif,Week3_25421,Week3_25421,D07,1,AZ-C,0.01,Eg5 inhibitors
147449,1897,Week3_290607_D08_s1_w122FEDCE7-9F5C-4E54-811F-29E22B376552,0,Week3_290607_D08_s1_w122FEDCE7-9F5C-4E54-811F-29E22B376552_0.npy,3,105,Week3_290607_D08_s1_w122FEDCE7-9F5C-4E54-811F-29E22B376552.tif,Week3_25421,Week3_290607_D08_s1_w2B671A460-D07B-4066-9975-ED75E8356E77.tif,Week3_25421,Week3_290607_D08_s1_w4E9EACCB0-E1FE-4714-847E-B0A629FD5EE0.tif,Week3_25421,Week3_25421,D08,1,AZ-C,0.003,Eg5 inhibitors
147450,1897,Week3_290607_D08_s1_w122FEDCE7-9F5C-4E54-811F-29E22B376552,1,Week3_290607_D08_s1_w122FEDCE7-9F5C-4E54-811F-29E22B376552_1.npy,3,105,Week3_290607_D08_s1_w122FEDCE7-9F5C-4E54-811F-29E22B376552.tif,Week3_25421,Week3_290607_D08_s1_w2B671A460-D07B-4066-9975-ED75E8356E77.tif,Week3_25421,Week3_290607_D08_s1_w4E9EACCB0-E1FE-4714-847E-B0A629FD5EE0.tif,Week3_25421,Week3_25421,D08,1,AZ-C,0.003,Eg5 inhibitors
147749,1909,Week3_290607_D09_s1_w1202AE2B4-269B-4CC3-A731-E3345E73D8B1,0,Week3_290607_D09_s1_w1202AE2B4-269B-4CC3-A731-E3345E73D8B1_0.npy,3,109,Week3_290607_D09_s1_w1202AE2B4-269B-4CC3-A731-E3345E73D8B1.tif,Week3_25421,Week3_290607_D09_s1_w2406DCD8E-C715-4A5C-B7D9-741908930EF3.tif,Week3_25421,Week3_290607_D09_s1_w47DB7FDE5-AA35-4812-AE79-72C056DF38B2.tif,Week3_25421,Week3_25421,D09,1,AZ-C,0.001,Eg5 inhibitors
147750,1909,Week3_290607_D09_s1_w1202AE2B4-269B-4CC3-A731-E3345E73D8B1,1,Week3_290607_D09_s1_w1202AE2B4-269B-4CC3-A731-E3345E73D8B1_1.npy,3,109,Week3_290607_D09_s1_w1202AE2B4-269B-4CC3-A731-E3345E73D8B1.tif,Week3_25421,Week3_290607_D09_s1_w2406DCD8E-C715-4A5C-B7D9-741908930EF3.tif,Week3_25421,Week3_290607_D09_s1_w47DB7FDE5-AA35-4812-AE79-72C056DF38B2.tif,Week3_25421,Week3_25421,D09,1,AZ-C,0.001,Eg5 inhibitors
148848,1983,Week3_290607_E06_s1_w168764F98-A87B-435F-BACC-B39DDE718341,0,Week3_290607_E06_s1_w168764F98-A87B-435F-BACC-B39DDE718341_0.npy,3,137,Week3_290607_E06_s1_w168764F98-A87B-435F-BACC-B39DDE718341.tif,Week3_25421,Week3_290607_E06_s1_w2EF8A2177-E307-4220-83A1-3C6F7969414F.tif,Week3_25421,Week3_290607_E06_s1_w4CD1DF53E-7173-4572-9B1D-59D3E9193CD2.tif,Week3_25421,Week3_25421,E06,1,AZ841,1.0,Aurora kinase inhibitors
148849,1983,Week3_290607_E06_s1_w168764F98-A87B-435F-BACC-B39DDE718341,1,Week3_290607_E06_s1_w168764F98-A87B-435F-BACC-B39DDE718341_1.npy,3,137,Week3_290607_E06_s1_w168764F98-A87B-435F-BACC-B39DDE718341.tif,Week3_25421,Week3_290607_E06_s1_w2EF8A2177-E307-4220-83A1-3C6F7969414F.tif,Week3_25421,Week3_290607_E06_s1_w4CD1DF53E-7173-4572-9B1D-59D3E9193CD2.tif,Week3_25421,Week3_25421,E06,1,AZ841,1.0,Aurora kinase inhibitors
149962,2006,Week3_290607_E08_s1_w1AF83F6BF-70E1-479E-8B17-C32791CEAB76,0,Week3_290607_E08_s1_w1AF83F6BF-70E1-479E-8B17-C32791CEAB76_0.npy,3,145,Week3_290607_E08_s1_w1AF83F6BF-70E1-479E-8B17-C32791CEAB76.tif,Week3_25421,Week3_290607_E08_s1_w27C3F53B7-CDB8-4F54-9EF2-253AB0B82FC0.tif,Week3_25421,Week3_290607_E08_s1_w4FCFEFB94-A84B-4C68-BF56-7205B4BC99E3.tif,Week3_25421,Week3_25421,E08,1,AZ841,0.1,Aurora kinase inhibitors
149963,2006,Week3_290607_E08_s1_w1AF83F6BF-70E1-479E-8B17-C32791CEAB76,1,Week3_290607_E08_s1_w1AF83F6BF-70E1-479E-8B17-C32791CEAB76_1.npy,3,145,Week3_290607_E08_s1_w1AF83F6BF-70E1-479E-8B17-C32791CEAB76.tif,Week3_25421,Week3_290607_E08_s1_w27C3F53B7-CDB8-4F54-9EF2-253AB0B82FC0.tif,Week3_25421,Week3_290607_E08_s1_w4FCFEFB94-A84B-4C68-BF56-7205B4BC99E3.tif,Week3_25421,Week3_25421,E08,1,AZ841,0.1,Aurora kinase inhibitors
152122,2078,Week3_290607_F04_s1_w19989BEA1-94E8-4350-B73C-31624F43D607,0,Week3_290607_F04_s1_w19989BEA1-94E8-4350-B73C-31624F43D607_0.npy,3,169,Week3_290607_F04_s1_w19989BEA1-94E8-4350-B73C-31624F43D607.tif,Week3_25421,Week3_290607_F04_s1_w2F22D7739-BF9E-4100-8A12-981D44D53900.tif,Week3_25421,Week3_290607_F04_s1_w4C5A0CA80-9F41-492C-B472-6F749448E3CD.tif,Week3_25421,Week3_25421,F04,1,etoposide,10.0,DNA damage
152123,2078,Week3_290607_F04_s1_w19989BEA1-94E8-4350-B73C-31624F43D607,1,Week3_290607_F04_s1_w19989BEA1-94E8-4350-B73C-31624F43D607_1.npy,3,169,Week3_290607_F04_s1_w19989BEA1-94E8-4350-B73C-31624F43D607.tif,Week3_25421,Week3_290607_F04_s1_w2F22D7739-BF9E-4100-8A12-981D44D53900.tif,Week3_25421,Week3_290607_F04_s1_w4C5A0CA80-9F41-492C-B472-6F749448E3CD.tif,Week3_25421,Week3_25421,F04,1,etoposide,10.0,DNA damage
152585,2090,Week3_290607_F05_s1_w1735369B9-37C8-4966-926E-38BAF042545E,0,Week3_290607_F05_s1_w1735369B9-37C8-4966-926E-38BAF042545E_0.npy,3,173,Week3_290607_F05_s1_w1735369B9-37C8-4966-926E-38BAF042545E.tif,Week3_25421,Week3_290607_F05_s1_w256976F68-64DA-497B-8259-A1DB989D2686.tif,Week3_25421,Week3_290607_F05_s1_w4D0B3A0F3-F776-4C1F-A67E-7D5C87659205.tif,Week3_25421,Week3_25421,F05,1,etoposide,3.0,DNA damage
152586,2090,Week3_290607_F05_s1_w1735369B9-37C8-4966-926E-38BAF042545E,1,Week3_290607_F05_s1_w1735369B9-37C8-4966-926E-38BAF042545E_1.npy,3,173,Week3_290607_F05_s1_w1735369B9-37C8-4966-926E-38BAF042545E.tif,Week3_25421,Week3_290607_F05_s1_w256976F68-64DA-497B-8259-A1DB989D2686.tif,Week3_25421,Week3_290607_F05_s1_w4D0B3A0F3-F776-4C1F-A67E-7D5C87659205.tif,Week3_25421,Week3_25421,F05,1,etoposide,3.0,DNA damage
153142,2101,Week3_290607_F06_s1_w12A7060FB-BF36-418A-A619-708035388CED,0,Week3_290607_F06_s1_w12A7060FB-BF36-418A-A619-708035388CED_0.npy,3,177,Week3_290607_F06_s1_w12A7060FB-BF36-418A-A619-708035388CED.tif,Week3_25421,Week3_290607_F06_s1_w20F2213D6-C566-4E5E-8F5B-02A33FA141CE.tif,Week3_25421,Week3_290607_F06_s1_w4A5CAEF6A-C620-4A37-BCD9-499FBDF24F03.tif,Week3_25421,Week3_25421,F06,1,etoposide,1.0,DNA damage
153143,2101,Week3_290607_F06_s1_w12A7060FB-BF36-418A-A619-708035388CED,1,Week3_290607_F06_s1_w12A7060FB-BF36-418A-A619-708035388CED_1.npy,3,177,Week3_290607_F06_s1_w12A7060FB-BF36-418A-A619-708035388CED.tif,Week3_25421,Week3_290607_F06_s1_w20F2213D6-C566-4E5E-8F5B-02A33FA141CE.tif,Week3_25421,Week3_290607_F06_s1_w4A5CAEF6A-C620-4A37-BCD9-499FBDF24F03.tif,Week3_25421,Week3_25421,F06,1,etoposide,1.0,DNA damage
195680,2065,Week3_290607_F03_s1_w1108D32ED-CFFD-4879-9292-598E1AD945D9,0,Week3_290607_F03_s1_w1108D32ED-CFFD-4879-9292-598E1AD945D9_0.npy,3,3045,Week3_290607_F03_s1_w1108D32ED-CFFD-4879-9292-598E1AD945D9.tif,Week3_25681,Week3_290607_F03_s1_w234415427-22D8-4476-A7B0-9BD35B8D7274.tif,Week3_25681,Week3_290607_F03_s1_w4B95C6609-7CB5-43AE-BF8A-8CBC319FC712.tif,Week3_25681,Week3_25681,F03,1,chlorambucil,10.0,DNA damage
195681,2065,Week3_290607_F03_s1_w1108D32ED-CFFD-4879-9292-598E1AD945D9,1,Week3_290607_F03_s1_w1108D32ED-CFFD-4879-9292-598E1AD945D9_1.npy,3,3045,Week3_290607_F03_s1_w1108D32ED-CFFD-4879-9292-598E1AD945D9.tif,Week3_25681,Week3_290607_F03_s1_w234415427-22D8-4476-A7B0-9BD35B8D7274.tif,Week3_25681,Week3_290607_F03_s1_w4B95C6609-7CB5-43AE-BF8A-8CBC319FC712.tif,Week3_25681,Week3_25681,F03,1,chlorambucil,10.0,DNA damage
361951,2831,Week7_230707_C04_s1_w1CDC72871-FFCA-4AD7-B9A9-5F09DD4ED4B1,0,Week7_230707_C04_s1_w1CDC72871-FFCA-4AD7-B9A9-5F09DD4ED4B1_0.npy,7,49,Week7_230707_C04_s1_w1CDC72871-FFCA-4AD7-B9A9-5F09DD4ED4B1.tif,Week7_34341,Week7_230707_C04_s1_w2FA447AEB-FC2F-4FD9-9315-671A98463B2A.tif,Week7_34341,Week7_230707_C04_s1_w4E07E2628-D997-481A-8CD0-74BB953906FD.tif,Week7_34341,Week7_34341,C04,1,docetaxel,0.3,Microtubule stabilizers
361952,2831,Week7_230707_C04_s1_w1CDC72871-FFCA-4AD7-B9A9-5F09DD4ED4B1,1,Week7_230707_C04_s1_w1CDC72871-FFCA-4AD7-B9A9-5F09DD4ED4B1_1.npy,7,49,Week7_230707_C04_s1_w1CDC72871-FFCA-4AD7-B9A9-5F09DD4ED4B1.tif,Week7_34341,Week7_230707_C04_s1_w2FA447AEB-FC2F-4FD9-9315-671A98463B2A.tif,Week7_34341,Week7_230707_C04_s1_w4E07E2628-D997-481A-8CD0-74BB953906FD.tif,Week7_34341,Week7_34341,C04,1,docetaxel,0.3,Microtubule stabilizers
437068,3229,Week8_4sites_C10_s1_w12487DD22-2F8A-4B26-9DBC-5CE26137809C,0,Week8_4sites_C10_s1_w12487DD22-2F8A-4B26-9DBC-5CE26137809C_0.npy,8,73,Week8_4sites_C10_s1_w12487DD22-2F8A-4B26-9DBC-5CE26137809C.tif,Week8_38203,Week8_4sites_C10_s1_w294FDE763-0355-451A-8219-EEEC9F6F09D7.tif,Week8_38203,Week8_4sites_C10_s1_w457AE384F-3288-40ED-9555-FAAC90907984.tif,Week8_38203,Week8_38203,C10,1,camptothecin,0.003,DNA replication
437069,3229,Week8_4sites_C10_s1_w12487DD22-2F8A-4B26-9DBC-5CE26137809C,1,Week8_4sites_C10_s1_w12487DD22-2F8A-4B26-9DBC-5CE26137809C_1.npy,8,73,Week8_4sites_C10_s1_w12487DD22-2F8A-4B26-9DBC-5CE26137809C.tif,Week8_38203,Week8_4sites_C10_s1_w294FDE763-0355-451A-8219-EEEC9F6F09D7.tif,Week8_38203,Week8_4sites_C10_s1_w457AE384F-3288-40ED-9555-FAAC90907984.tif,Week8_38203,Week8_38203,C10,1,camptothecin,0.003,DNA replication
449942,3330,Week8_4sites_E05_s1_w1A046F130-6AA3-49A9-9F33-BC9BDD9FEAB9,0,Week8_4sites_E05_s1_w1A046F130-6AA3-49A9-9F33-BC9BDD9FEAB9_0.npy,8,2773,Week8_4sites_E05_s1_w1A046F130-6AA3-49A9-9F33-BC9BDD9FEAB9.tif,Week8_38341,Week8_4sites_E05_s1_w2A13B2051-F4E5-468A-9949-06FF5D2896B3.tif,Week8_38341,Week8_4sites_E05_s1_w4CAA78C67-F0FD-4369-B0FA-2CEBDF9107BC.tif,Week8_38341,Week8_38341,E05,1,PP-2,3.0,Epithelial
449943,3330,Week8_4sites_E05_s1_w1A046F130-6AA3-49A9-9F33-BC9BDD9FEAB9,1,Week8_4sites_E05_s1_w1A046F130-6AA3-49A9-9F33-BC9BDD9FEAB9_1.npy,8,2773,Week8_4sites_E05_s1_w1A046F130-6AA3-49A9-9F33-BC9BDD9FEAB9.tif,Week8_38341,Week8_4sites_E05_s1_w2A13B2051-F4E5-468A-9949-06FF5D2896B3.tif,Week8_38341,Week8_4sites_E05_s1_w4CAA78C67-F0FD-4369-B0FA-2CEBDF9107BC.tif,Week8_38341,Week8_38341,E05,1,PP-2,3.0,Epithelial
476955,3748,Week9_090907_F09_s1_w1E164F1FB-A20C-49D6-ACDC-B7E1AE92AE5E,0,Week9_090907_F09_s1_w1E164F1FB-A20C-49D6-ACDC-B7E1AE92AE5E_0.npy,9,3069,Week9_090907_F09_s1_w1E164F1FB-A20C-49D6-ACDC-B7E1AE92AE5E.tif,Week9_39282,Week9_090907_F09_s1_w23F9ACAD8-F2DB-49D8-BF99-EB0777DC802D.tif,Week9_39282,Week9_090907_F09_s1_w4C69C8D89-E196-4D1A-B86B-57B76622E567.tif,Week9_39282,Week9_39282,F09,1,mitoxantrone,0.01,DNA replication
476956,3748,Week9_090907_F09_s1_w1E164F1FB-A20C-49D6-ACDC-B7E1AE92AE5E,1,Week9_090907_F09_s1_w1E164F1FB-A20C-49D6-ACDC-B7E1AE92AE5E_1.npy,9,3069,Week9_090907_F09_s1_w1E164F1FB-A20C-49D6-ACDC-B7E1AE92AE5E.tif,Week9_39282,Week9_090907_F09_s1_w23F9ACAD8-F2DB-49D8-BF99-EB0777DC802D.tif,Week9_39282,Week9_090907_F09_s1_w4C69C8D89-E196-4D1A-B86B-57B76622E567.tif,Week9_39282,Week9_39282,F09,1,mitoxantrone,0.01,DNA replication
477142,3759,Week9_090907_F10_s1_w1A2464F17-6D7B-459B-8EA3-44AB557796F9,0,Week9_090907_F10_s1_w1A2464F17-6D7B-459B-8EA3-44AB557796F9_0.npy,9,3073,Week9_090907_F10_s1_w1A2464F17-6D7B-459B-8EA3-44AB557796F9.tif,Week9_39282,Week9_090907_F10_s1_w2092092EB-F7FB-4A14-AF8C-0A6260FA1C70.tif,Week9_39282,Week9_090907_F10_s1_w4927E51CD-B238-4B7D-8946-78888AFA3BFA.tif,Week9_39282,Week9_39282,F10,1,mitoxantrone,0.003,DNA replication
477143,3759,Week9_090907_F10_s1_w1A2464F17-6D7B-459B-8EA3-44AB557796F9,1,Week9_090907_F10_s1_w1A2464F17-6D7B-459B-8EA3-44AB557796F9_1.npy,9,3073,Week9_090907_F10_s1_w1A2464F17-6D7B-459B-8EA3-44AB557796F9.tif,Week9_39282,Week9_090907_F10_s1_w2092092EB-F7FB-4A14-AF8C-0A6260FA1C70.tif,Week9_39282,Week9_090907_F10_s1_w4927E51CD-B238-4B7D-8946-78888AFA3BFA.tif,Week9_39282,Week9_39282,F10,1,mitoxantrone,0.003,DNA replication
